ID,Name,Rolle,Geschlecht,Region,Funktion,Ehemalige_Partei,Type,Vorstand_Gründungsmitglied
AAD,Ali Al-Dailami,Gründungsmitglied BSW,2,Bund,6,1,1,2
AD,Alexander Dugin,Russischer Nationalist,2,Russland,6,0,1,0
AFA,Agentur f:aun,Agentur,3,NA,4,0,2,0
AFD,Alternative für Deutschland,Partei,3,Bund,3,0,2,0
AG,Arno Gujon,"Direktor für Diaspora im serbischen Außenministerium, für Diaspora der Serben weltweit tätig ",2,Serbien,6,0,1,0
AGA,Amelie Gabriel,Gründungsmitglied BSW,1,NA,6,1,1,2
AH,Andrej Hunko,Mitglied des Bundestags ,2,Bund,6,1,1,0
AI,Alter Iseri,Landesvorsitzender BSW Bremen,2,Bremen,6,2,1,0
AK,Alexander King,Gründungsmitglied BSW,2,Berlin,6,"1,2",1,2
AKO,Alexander Konstantinov,Parteivorstand des Rebellischen Landesverband Hamburg,1,Hamburg,6,7,1,0
AL,Andreja Lovic,"Ehemaliger Mitarbeiter für die BSW-Bundestagsabgeordnete Zaklin Nastic, Vorstand ZHS",2,NA,6,0,1,0
AM,Amira Mohamed Ali,Parteivorsitzende,1,Bund,3,1,1,3
Antifa,Bund der Antifaschistinnen und Antifaschisten (VVN/BdA),Verband,3,NA,2,0,2,0
AP,Apolut,Nachfolge-Portal des 2021 eingestellten verschwörungsideologischen Internet-Radiosenders „KenFM“ des antisemitischen Verschwörungsideologen Ken Jebsen,3,Berlin,4,0,2,0
AR,Amid Rabieh,Stellv Parteivorsitzender,2,Bund,3,1,1,3
ARL,Alexander Relea-Linder,Erweiteter Landesvorstand,2,BW,6,1,1,0
AU,Alexander Ulrich,"Beisitzer, Mitglied des Bundestages und Landesvorsitzender",2,Bund + Rheinland-Pfalz,6,"1,2",1,2
AUS,Australien,Anonyme Spende,3,Australien,7,0,2,0
AV,Aleksandar Vulin,"Stellvertretender Ministerpräsident Serbien, ehemaliger Direktor des serbischen Nachrichtendienstes",2,Serbien,6,0,1,0
BDG,Bündnis die Grünen,Partei,3,Bund,3,0,2,0
BSE,Bilfinger SE,"Industriedienstleister in Bereichen Petrochemie, Chemie, Pharma sowie Öl und Gas",3,NA,4,0,2,0
BSW,Bündnis Sahra Wagenknecht,Partei,3,NA,3,0,2,0
BSWeV,BSW - Für Vernunft und Gerechtigkeit e.V.,Verein BSW,3,NA,5,0,2,0
BT,Bijan Tavassoli,Parteiloser Spitzenkanditat des Rebellischen Landesverband Hamburg für die Bundestagswahl 2025,1,Hamburg,6,1,1,0
CDU,Christlich Demokratische Union,Partei,3,Bund,3,0,2,0
CHL,Chile,anonyme Spende,3,Chile,7,0,2,0
CHS,Christopher Schulze,Landesvorsitzender BSW Bremen,2,Bremen,6,0,1,0
CK,Christian Kruse,Stellvertretender Landesvorsitzender BSW Hamburg,2,Hamburg,6,0,1,0
CL,Christian Leye,Generalsekretär,2,Bund,3,1,1,3
CS,Cedric Schiele,Erweiteter Landesvorstand,2,BW,6,"1,2",1,0
DAT,Dr. Anja Titze,Erweiteter Landesvorstand,1,BW,6,0,1,0
DB,Deutscher Baugerichtstag e.V.,Verein,3,NA,2,0,2,0
DGFB,Deutsche Gesellschaft für Baurecht e.V.,Verein,3,NA,2,0,2,0
DHBW,Duale Hochschule Baden-Württemberg,Hochschule,3,BW,1,0,2,0
DIB,Die Basis,Partei,3,Bund,3,0,2,0
DL,Die Linke,Partei,3,Bund,3,0,2,0
DLA,Dejan Lazic,"Gründer eigenen Landesverband ""Bündnis für Vernunft und Gerechtigkeit"" Hamburg ",1,Hamburg,6,7,1,0
DLK,Dr. Lydia Krüger,wissenschaftliche Mitarbeiterin im Bundestagsbüro Wagenknechts,1,Bund,7,0,1,0
DVP,DVP Deutscher Verband der Projektmanager in der Bau- und Immobilienwirtschaft e.V.,Verein,3,NA,2,0,2,0
EA,Etith Arndt,Sachbearbeiterin im Bundestagsbüro von Wagenknecht,1,Bund,7,0,1,0
EGFLC,European Group for Lean Construction,NGO,3,NA,2,0,2,0
FB,Friederike Benda,Stellv Parteivorsitzender,1,Bund,3,1,1,3
FDM,Fabio de Masi,EU Parlament Abgeordneter,2,EU,6,1,1,2
FP,Friedrich Pürner,Ehemaliger EU Parlament Abgeordneter,2,EU,6,7,1,0
FPB,Friedensplenum Bochum,Organisation,3,Bochum,5,0,2,0
GLCI,German Lean Construction Institute,Organisation,3,NA,2,0,2,0
GST,Georg Sturm,Büroleiter von Sahra Wagenknecht. Im Bundestag,2,Bund,7,0,1,0
HB,Heinrich Brinker,Landesgeschäftsführer,2,BW,6,1,1,0
HH,Hans Haarmeyer,Gründungsmitglied BSW,2,Bund,7,0,1,2
HHA,Hauke Haensel ,Bankchef Volksbank Pirna,2,Pirna,7,0,1,0
HJS,Hans-Jürgen Scharfenberg,"Fraktionschef des BSW-Ablegers Bündnis für Vernunft und Gerechtigkeit (BfV) im Potsdamer Stadtrat, ehemaliges Mitglied Die Linke, ehemaliger Stasi Mitarbeiter ",2,Brandenburg,6,1,1,0
HL,Hartmut Liebs,Beisitzer,2,Bund,6,1,1,0
HLF,Hans Lafontaine,Bruder von OL,2,NA,6,"1,2",1,0
HN,Heinz Neff,Gewerkschaftssekretär bei Verdi,2,Bayern,6,7,1,0
HO,Holger Onken,Mitgründer des BSW-Landesverbandes Niedersachsen,2,Niedersachsen,6,1,1,0
IGFLC,International Group for Lean Construction,NGO,3,NA,2,0,2,0
IGM,IG Metall,Gewerkschaft und Arbeitnehmervertretung,3,NA,2,0,2,0
IND,Indien,anonyme Spende,3,Indien,7,0,2,0
IPA,IPA Zentrum Kompetenzzentrum für Integrierte Projektabwicklung,Organisation,3,NA,2,0,2,0
ISR,Israel,anonyme Spende,3,Israel,7,0,2,0
JB,Jochen Brack,Landesvorsitzender BSW Hamburg,2,Hamburg,6,0,1,0
JF,Jochen Flackus,Gründungsmitglied BSW,2,Bund,6,"1,2",1,2
JH,Jonas Höpken,"Gründungsvorsitzender des Vereins „BSW – Für Vernunft und Gerechtigkeit“,",2,NA,6,1,1,2
JI,Josef Ilsanker,"Ehemaliger stellvertretender BSW-Landesvorsitzender, Gewerkschaftssekretär bei Verdi",2,Bayern,6,"7,1",1,0
JLD,John Lucas Dittrich,Landesvorsitzender BSW,2,Sachsen-Anhalt,6,,1,0
JP,Japan,anonyme Spende,3,Japan,7,0,2,0
JPW,Jan-Peter Warnke,EU Parlament Abgeordneter,2,EU,6,0,1,0
JR,Jan Ristau,Landesvorsitzender BSW,2,NRW,6,0,1,0
JT,Jessica Tatti,Landesvorsitzende BSW,1,BW,6,1,1,0
JVH,Jana van Helden,Gründungsmitglied BSW,1,NA,6,1,1,2
KDM,Konferenz der Multipolarität,Videokonferenz auf Einladung Alexander Dugins im April 2023. ,3,NA,7,0,2,0
KE,Konstantin Eulenburg,Landesvorsitzender BSW Hamburg,2,Hamburg,6,0,1,0
KIT,Karlsruher Institut für Technologie (KIT),Institution,3,Karlsruhe,1,0,2,0
KLE,Klaus Ernst,Gründungsmitglied BSW,2,Bayern,6,"1,2",1,2
KR,Kerstin Reichert, Ehemalige Schatzmeisterin des Kreisverbands Schweinfurt Die Linke,1,Schweinfurt,6,"7,1",1,0
KW,Katja Wolf,Landesvorsitzende,1,Thueringen,6,1,1,0
LH,Linus Hluchy,Verdi-Gewerkschafter,2,Bayern,6,"7,1",1,0
LS,Lukas Schön,Bundesgeschäftsführer,2,Bund,3,1,1,3
LSA,Lotte Salingré,Mitglied BSW/Geldgeber,1,NA,6,0,1,0
LuS,Luca Saß,Mitglied BSW,2,Thueringen,6,0,1,0
M,Modugen GmbH,Tragwerksplanung von Holzbauten,3,NA,4,0,2,0
MEX,Mexiko,anonyme Spende,3,Mexico,7,0,2,0
MFS,Ministerium für Staatssicherheit ,Ministerium für Staatssicherheit ,3,Ost-Berlin,1,0,2,0
MK,Metin Kaya,Stellvertretender Landesvorsitzender BSW Hamburg,2,Hamburg,6,1,1,0
MKBI,MKBauImm – Mediation und Konfliktmanagement in der Bau- und Immobilienwirtschaft e.V.,Verein,3,NA,2,0,2,0
ML,Michael Lüders,Beisitzer,2,Sachsen-Anhalt,6,"2,5",1,0
MLPD,Marxistisch-Leninistischen Partei Deutschlands (MLPD),Partei,3,Gelsenkirchen,3,0,2,0
MS,Manfred Seel,Beisitzer,2,Bund,6,1,1,0
MV,Miloš Vučević,"Ministerpräsident Serbien, ehemaliger Verteidigungsminister ",2,Serbien,6,0,1,0
MVDS,Michael von der Schulenburg,EU Parlament Abgeordneter,2,EU,6,1,1,0
NW,Norbert Weber,"Gründer eigenen Landesverband ""Bündnis für Vernunft und Gerechtigkeit"" Hamburg ",1,Hamburg,6,"7,1",1,0
OL,Oskar Lafontaine,Gründungsmitglied BSW,2,Bund,1,"1,2",1,3
PDHWH,Prof. Dr. Hans-Werner Horn,Erweiteter Landesvorstand,2,BW,6,0,1,0
PDMH,Prof. Dr. Manfred Hentz,Landesvorsitzender BSW,2,BW,6,2,1,0
PFV,Pegida-Förderverein,Verein,3,Dresden,2,0,2,0
PMS,Prof. Matthias Schrappe,Leiter BSW-Expertenrat Gesundheit,2,NA,6,1,1,0
PTU,Patriotische Union,Mutmaßliche rechtsterroristische Gruppe der Reichsbürger- und QAnon-Bewegung um HeinrichXIII,3,NA,2,0,2,0
RC,Robert Crumbach,Stellv. Ministerpräsident,2,Brandenburg,6,1,1,0
RF,Ruth Firmenich,EU Parlament Abgeordneter,1,EU,6,1,1,2
RK,Reinhard Kaiser,Beisitzer,2,Berlin,6,5,1,0
RL,Rosa Luxemburg Stiftung,Parteinahe Stiftung von der Partei DIE LINKE,3,NA,1,0,1,0
RP,Richard Pitterle,Landesschatzmeister,2,BW,6,1,1,0
RS,Ralph Suikat,Bundesschatzmeister,2,Bund,3,0,1,3
RST,Robert Striesow,"Ehemaliges Mitglied im Landesvorstand, Stadtrat in Schweinfurt",2,Schweinfurt,6,"7,1",1,0
RTN,Ralph T. Niemeyer,Ex-Mann von SW,2,NA,6,"6,1,2,",1,0
RU,Ruptly,"Videoagentur, Netzwerk des russischen Propagandamediums RT ",3,Berlin,4,0,2,0
SGFB,Schmalenbach-Gesellschaft für Betriebswirtschaft e.V.,Verein,3,NA,2,0,2,0
SH,Shervin Hagsheno,Stellvertretender Parteivorsitzender,2,Bund,3,1,1,1
SL,Sergej Lawrow,Russischer Außenminister,2,Russland,6,0,1,0
SOE,Sinan Öztürk,Verdi-Gewerkschafter,2,Schweinfurt,6,"7,1",1,0
SPD,Soziale Partei Deutschland,Partei,3,Bund,3,0,2,0
SQ,Steffen Quasebarth,Vizepräsident des Thüringer Landtages,2,Thueringen,6,0,1,0
SR,Stefan Roth,Landesgeschäftsführer,2,Brandenburg,6,1,1,0
SS,Steffen Schumann,Beisitzer,2,Bund + Rheinland-Pfalz,6,1,1,0
SUB,Senat Uni Bielefeld,Senat,3,Bielefeld,2,0,2,0
SV,Sevim Dağdelen,Gründungsmitglied BSW,1,Bund,6,1,1,2
SvW,Sven Weber,"Mitglied Gründungsversammlung Thüringer Landesverbandes, ehemaliger Linken Politiker",2,Thueringen,6,1,1,0
SW,Sahra Wagenknecht,Parteivorsitzende,1,Bund,6,1,1,3
SZ,Sabine Zimmermann,Beisitzerin und Mitglied des Landtags,1,Sachsen,6,1,1,2
TG,Thomas Geisel,Beisitzer & EU Parlament Abgeordneter,2,EU ,6,2,1,3
TK,Tilo Kummer,"Geschäftsführer des Thüringer Landesverbands, langjähriger Landtagsabgeordneter der Linken",2,Thueringen,6,1,1,0
TR,Thorsten Renken,Landesvorsitzender BSW Niedersachsen,2,Niedersachsen,6,0,1,0
TS,Thomas Schmid,BSW Landtagskandidat,2,Thueringen,6,"2, 3  - 4",1,0
TST,Thomas Stanger,Mitglied BSW/Geldgeber,2,NA,6,0,1,0
UG,Ulrike Guérot,Antritt Wahlkreiskandidatin des Rebellischen Landesverband Hamburg Nord,2,Hamburg,6,4,1,0
UL,Ulf Lange ,"BSW Kandidat Landtagswahl Sachsen, ehemaliger Stasi Mitarbeiter ",2,Sachsen,6,0,1,0
UT,Uta Tesch,Erweiteter Landesvorstand,1,BW,6,0,1,0
VER,Verdi,ver.di,3,Bund,2,0,2,0
VL,Valoon GmbH,Baustellentechnik,3,NA,4,0,2,0
VP,Volksbank Pirna ,Volksbank Pirna,3,Pirna,4,0,2,0
VS,Volker Schneider,Mitglied BSW,2,Bund,6,1,1,0
WEF,World Economic Forum – Future of Construction Initiative,NGO,3,NA,5,0,2,0
WFD,Wachregiment Feliks Dzierzynski,Wehrdienst im Wachregiment Feliks Dzierzynski,3,Ost-Berlin ,1,0,2,0
WH,Wolfhard Hack,"BSW Kandidat Landtagswahl Sachsen, ehemaliger Stasi Mitarbeiter ",2,Sachsen,6,0,1,0
WP,Wladimir Putin,Präsident Russland,2,Russland,6,0,1,0
WT,Werner Trapmann,Gründungsmitglied BSW,2,Bund,7,0,1,2
YP,Yukon Projects GmbH,Projektmanagement in Bauprojekten,3,NA,4,0,2,0
ZB,Zeitschrift Bauingenieur,Medien,3,NA,2,0,2,0
ZHS,Zentralrat der Serben in Hessen,Zentralrat der Serben in Hessen,3,Hessen,2,0,2,0
ZIA,Zentraler Immobilienausschuss,Verband,3,NA,2,0,2,0
ZN,Zaklin Nastic ,"BSW-Mitgründerin, Bundestagsabgeordnete, Vorstand BSW",1,Hamburg,6,1,1,2